Country,Year,Measure_group,OBS_VALUE_use
Armenia,1990,Domestic/Public Use,945.09997558594
Armenia,1995,Domestic/Public Use,555.29998779297
Armenia,1996,Domestic/Public Use,530.90002441406
Armenia,1997,Domestic/Public Use,456.39999389648
Armenia,1998,Domestic/Public Use,429.29998779297
Armenia,1999,Domestic/Public Use,444.39999389648
Armenia,2000,Domestic/Public Use,603.2
Armenia,2001,Domestic/Public Use,569.2
Armenia,2002,Domestic/Public Use,552.2
Armenia,2003,Domestic/Public Use,585.5
Armenia,2004,Domestic/Public Use,565.8
Armenia,2005,Domestic/Public Use,595.9
Armenia,2006,Domestic/Public Use,594.2
Armenia,2007,Domestic/Public Use,608.8
Armenia,2008,Domestic/Public Use,618.8
Armenia,2009,Domestic/Public Use,597.3
Armenia,2010,Domestic/Public Use,559.6
Armenia,2011,Domestic/Public Use,516.8
Armenia,2012,Domestic/Public Use,535.7
Armenia,2013,Domestic/Public Use,525.2
Armenia,2014,Domestic/Public Use,500.2
Armenia,2015,Domestic/Public Use,496.3
Armenia,2016,Domestic/Public Use,479.8
Armenia,2017,Domestic/Public Use,572.2
Armenia,2018,Domestic/Public Use,589.7
Armenia,2019,Domestic/Public Use,565.6
Armenia,2020,Domestic/Public Use,555.3
Armenia,2021,Domestic/Public Use,550.7
Austria,1980,Domestic/Public Use,942.3
Austria,1985,Domestic/Public Use,1030.1
Austria,1989,Domestic/Public Use,1022.6
Austria,1990,Domestic/Public Use,953.7
Austria,1991,Domestic/Public Use,1053.5
Austria,1992,Domestic/Public Use,1110.5
Austria,1993,Domestic/Public Use,1094.8
Austria,1994,Domestic/Public Use,1084.4
Austria,1995,Domestic/Public Use,948.5
Austria,1996,Domestic/Public Use,950.2
Austria,1997,Domestic/Public Use,947.5999999999999
Austria,1998,Domestic/Public Use,927.9
Austria,1999,Domestic/Public Use,898.1999999999999
Austria,2000,Domestic/Public Use,351.2
Austria,2001,Domestic/Public Use,353.5
Austria,2002,Domestic/Public Use,356.3
Austria,2010,Domestic/Public Use,968.0
Austria,2016,Domestic/Public Use,379.0
Austria,2017,Domestic/Public Use,375.77
Austria,2018,Domestic/Public Use,378.14
Austria,2021,Domestic/Public Use,390.77
Austria,2022,Domestic/Public Use,395.19
Azerbaijan,2003,Domestic/Public Use,600.4
Azerbaijan,2004,Domestic/Public Use,690.7
Azerbaijan,2005,Domestic/Public Use,695.4
Azerbaijan,2006,Domestic/Public Use,700.1
Azerbaijan,2007,Domestic/Public Use,664.9
Azerbaijan,2008,Domestic/Public Use,684.5
Azerbaijan,2009,Domestic/Public Use,663.6
Azerbaijan,2010,Domestic/Public Use,617.8
Azerbaijan,2011,Domestic/Public Use,714.4
Azerbaijan,2012,Domestic/Public Use,715.8
Azerbaijan,2013,Domestic/Public Use,718.4
Azerbaijan,2014,Domestic/Public Use,715.8
Azerbaijan,2015,Domestic/Public Use,692.0
Azerbaijan,2016,Domestic/Public Use,662.0
Azerbaijan,2017,Domestic/Public Use,630.7
Azerbaijan,2018,Domestic/Public Use,639.4
Azerbaijan,2019,Domestic/Public Use,673.6
Azerbaijan,2020,Domestic/Public Use,689.367
Azerbaijan,2021,Domestic/Public Use,655.109
Belarus,2001,Domestic/Public Use,886.6
Belarus,2002,Domestic/Public Use,899.3
Belarus,2003,Domestic/Public Use,888.6
Belarus,2004,Domestic/Public Use,863.0
Belarus,2005,Domestic/Public Use,833.9
Belarus,2006,Domestic/Public Use,809.9
Belarus,2007,Domestic/Public Use,767.2
Belarus,2008,Domestic/Public Use,714.5
Belarus,2009,Domestic/Public Use,650.1
Belarus,2010,Domestic/Public Use,650.2
Belarus,2011,Domestic/Public Use,590.7
Belarus,2012,Domestic/Public Use,616.1
Belarus,2013,Domestic/Public Use,622.5
Belarus,2014,Domestic/Public Use,619.8
Belarus,2015,Domestic/Public Use,601.2
Belarus,2016,Domestic/Public Use,573.1
Belarus,2017,Domestic/Public Use,553.2
Belarus,2018,Domestic/Public Use,539.6
Belarus,2019,Domestic/Public Use,535.4
Belarus,2020,Domestic/Public Use,532.6
Belarus,2021,Domestic/Public Use,544.4
Belgium,1990,Industry,0.2
Belgium,1994,Domestic/Public Use,602.4
Belgium,1995,Agriculture,16.0
Belgium,1995,Domestic/Public Use,1095.9
Belgium,1995,Energy Production,2.3
Belgium,1995,Industry,273.0
Belgium,1995,Services,114.1
Belgium,1996,Agriculture,16.7
Belgium,1996,Domestic/Public Use,416.8
Belgium,1996,Energy Production,3.5
Belgium,1996,Industry,196.6
Belgium,1997,Agriculture,15.2
Belgium,1997,Domestic/Public Use,415.3
Belgium,1997,Energy Production,3.0
Belgium,1997,Industry,203.5
Belgium,1998,Agriculture,15.7
Belgium,1998,Domestic/Public Use,414.8
Belgium,1998,Energy Production,1.9
Belgium,1998,Industry,202.9
Belgium,1999,Agriculture,13.6
Belgium,1999,Domestic/Public Use,409.6
Belgium,1999,Energy Production,2.1
Belgium,1999,Industry,210.10000000000002
Belgium,2000,Agriculture,12.60102
Belgium,2000,Domestic/Public Use,871.8873000000001
Belgium,2000,Energy Production,1.940325
Belgium,2000,Industry,337.12278399999997
Belgium,2000,Services,83.6795
Belgium,2001,Agriculture,13.71987
Belgium,2001,Domestic/Public Use,868.6718999999999
Belgium,2001,Energy Production,1.892836
Belgium,2001,Industry,332.468545
Belgium,2001,Services,76.53761
Belgium,2002,Agriculture,12.26052
Belgium,2002,Domestic/Public Use,976.6912
Belgium,2002,Energy Production,1.652635
Belgium,2002,Industry,320.388306
Belgium,2002,Services,79.78703
Belgium,2003,Agriculture,12.41224
Belgium,2003,Domestic/Public Use,984.701
Belgium,2003,Energy Production,1.338418
Belgium,2003,Industry,324.693687
Belgium,2003,Services,84.58403
Belgium,2004,Agriculture,12.50466
Belgium,2004,Domestic/Public Use,990.3274000000001
Belgium,2004,Energy Production,2.614468
Belgium,2004,Industry,326.546941
Belgium,2004,Services,89.66734
Belgium,2005,Agriculture,10.66669
Belgium,2005,Domestic/Public Use,943.4443
Belgium,2005,Energy Production,1.76862
Belgium,2005,Industry,327.737151
Belgium,2005,Services,87.67159
Belgium,2006,Agriculture,11.24843
Belgium,2006,Domestic/Public Use,986.4992
Belgium,2006,Energy Production,1.945213
Belgium,2006,Industry,334.716486
Belgium,2006,Services,88.95842
Belgium,2007,Agriculture,10.97737
Belgium,2007,Domestic/Public Use,986.9852000000001
Belgium,2007,Energy Production,1.744605
Belgium,2007,Industry,329.794692
Belgium,2007,Services,91.57854
Belgium,2008,Agriculture,10.12086
Belgium,2008,Domestic/Public Use,960.9209000000001
Belgium,2008,Energy Production,1.786607
Belgium,2008,Industry,308.884985
Belgium,2008,Services,88.18909
Belgium,2009,Agriculture,10.19106
Belgium,2009,Domestic/Public Use,951.7735
Belgium,2009,Energy Production,1.780407
Belgium,2009,Industry,289.024227
Belgium,2009,Services,87.34718
Belgium,2010,Agriculture,10.4224
Belgium,2010,Domestic/Public Use,961.6869999999999
Belgium,2010,Energy Production,1.801136
Belgium,2010,Industry,314.321397
Belgium,2010,Services,87.31072
Belgium,2011,Agriculture,9.548162
Belgium,2011,Domestic/Public Use,945.9935
Belgium,2011,Energy Production,1.643579
Belgium,2011,Industry,321.54170799999997
Belgium,2011,Services,88.94945
Belgium,2012,Agriculture,9.407714
Belgium,2012,Domestic/Public Use,919.7875
Belgium,2012,Energy Production,1.340787
Belgium,2012,Industry,315.139
Belgium,2012,Services,101.2046
Belgium,2013,Agriculture,9.269554
Belgium,2013,Domestic/Public Use,925.4994
Belgium,2013,Energy Production,1.245422
Belgium,2013,Industry,273.581778
Belgium,2013,Services,101.8648
Belgium,2014,Agriculture,9.241592
Belgium,2014,Domestic/Public Use,928.3813
Belgium,2014,Energy Production,1.265303
Belgium,2014,Industry,260.332601
Belgium,2014,Services,102.3593
Belgium,2015,Agriculture,9.184016
Belgium,2015,Domestic/Public Use,931.2032
Belgium,2015,Energy Production,1.069818
Belgium,2015,Industry,275.543304
Belgium,2015,Services,99.58253
Belgium,2016,Agriculture,9.121987
Belgium,2016,Domestic/Public Use,922.3757
Belgium,2016,Energy Production,0.8115247
Belgium,2016,Industry,273.573795
Belgium,2016,Services,100.4671
Belgium,2017,Agriculture,9.453719
Belgium,2017,Domestic/Public Use,924.4765
Belgium,2017,Energy Production,0.810017
Belgium,2017,Industry,281.486473
Belgium,2017,Services,99.72442
Belgium,2018,Agriculture,9.709339
Belgium,2018,Domestic/Public Use,929.1188
Belgium,2018,Energy Production,0.881739
Belgium,2018,Industry,281.761475
Belgium,2018,Services,103.1731
Belgium,2019,Agriculture,10.15174
Belgium,2019,Domestic/Public Use,932.5792
Belgium,2019,Energy Production,0.921627
Belgium,2019,Industry,273.347732
Belgium,2019,Services,105.2913
Belgium,2020,Agriculture,10.58132
Belgium,2020,Domestic/Public Use,942.3849
Belgium,2020,Energy Production,0.94399
Belgium,2020,Industry,269.25993700000004
Belgium,2020,Services,99.07318
Belgium,2021,Agriculture,10.18993
Belgium,2021,Domestic/Public Use,951.2573
Belgium,2021,Energy Production,1.030966
Belgium,2021,Industry,272.987709
Belgium,2021,Services,97.7362
Bulgaria,1990,Agriculture,86.8
Bulgaria,1990,Domestic/Public Use,1614.3000000000002
Bulgaria,1990,Energy Production,1.5
Bulgaria,1990,Industry,1106.8
Bulgaria,1990,Services,299.1
Bulgaria,1991,Agriculture,60.7
Bulgaria,1991,Domestic/Public Use,1435.3
Bulgaria,1991,Energy Production,26.6
Bulgaria,1991,Industry,631.6
Bulgaria,1991,Services,237.9
Bulgaria,1992,Agriculture,47.3
Bulgaria,1992,Domestic/Public Use,1301.2
Bulgaria,1992,Energy Production,14.3
Bulgaria,1992,Industry,555.0999999999999
Bulgaria,1992,Services,220.2
Bulgaria,1993,Agriculture,23.1
Bulgaria,1993,Domestic/Public Use,1148.1
Bulgaria,1993,Energy Production,14.8
Bulgaria,1993,Industry,419.29999999999995
Bulgaria,1993,Services,176.8
Bulgaria,1994,Agriculture,12.3
Bulgaria,1994,Domestic/Public Use,1058.6
Bulgaria,1994,Energy Production,14.8
Bulgaria,1994,Industry,376.3
Bulgaria,1994,Services,135.7
Bulgaria,1995,Agriculture,9.6
Bulgaria,1995,Domestic/Public Use,897.1
Bulgaria,1995,Energy Production,4.7
Bulgaria,1995,Industry,454.6
Bulgaria,1995,Services,113.5
Bulgaria,1996,Agriculture,7.8
Bulgaria,1996,Domestic/Public Use,908.2
Bulgaria,1996,Energy Production,3.0
Bulgaria,1996,Industry,305.6
Bulgaria,1996,Services,103.4
Bulgaria,1997,Agriculture,5.8
Bulgaria,1997,Domestic/Public Use,757.8
Bulgaria,1997,Energy Production,3.0
Bulgaria,1997,Industry,256.9
Bulgaria,1997,Services,82.3
Bulgaria,1998,Agriculture,4.9
Bulgaria,1998,Domestic/Public Use,817.7
Bulgaria,1998,Energy Production,3.3
Bulgaria,1998,Industry,232.60000000000002
Bulgaria,1998,Services,88.1
Bulgaria,1999,Agriculture,4.2
Bulgaria,1999,Domestic/Public Use,767.1
Bulgaria,1999,Energy Production,3.9
Bulgaria,1999,Industry,207.8
Bulgaria,1999,Services,88.7
Bulgaria,2000,Agriculture,1.82
Bulgaria,2000,Domestic/Public Use,762.05
Bulgaria,2000,Energy Production,4.42
Bulgaria,2000,Industry,217.98999999999998
Bulgaria,2000,Services,88.14
Bulgaria,2001,Agriculture,1.66
Bulgaria,2001,Domestic/Public Use,697.1500000000001
Bulgaria,2001,Energy Production,3.71
Bulgaria,2001,Industry,181.03
Bulgaria,2001,Services,79.43
Bulgaria,2002,Agriculture,1.79
Bulgaria,2002,Domestic/Public Use,648.11
Bulgaria,2002,Energy Production,3.72
Bulgaria,2002,Industry,183.67
Bulgaria,2002,Services,65.32
Bulgaria,2003,Agriculture,1.57
Bulgaria,2003,Domestic/Public Use,665.97
Bulgaria,2003,Energy Production,4.05
Bulgaria,2003,Industry,175.22
Bulgaria,2003,Services,59.04
Bulgaria,2004,Agriculture,3.79
Bulgaria,2004,Domestic/Public Use,651.7
Bulgaria,2004,Energy Production,3.94
Bulgaria,2004,Industry,170.46
Bulgaria,2004,Services,56.18
Bulgaria,2005,Agriculture,2.84
Bulgaria,2005,Domestic/Public Use,642.8399999999999
Bulgaria,2005,Energy Production,5.21
Bulgaria,2005,Industry,165.70000000000002
Bulgaria,2005,Services,58.34
Bulgaria,2006,Agriculture,2.99
Bulgaria,2006,Domestic/Public Use,667.47
Bulgaria,2006,Energy Production,4.38
Bulgaria,2006,Industry,183.5
Bulgaria,2006,Services,57.95
Bulgaria,2007,Agriculture,2.77
Bulgaria,2007,Domestic/Public Use,678.7
Bulgaria,2007,Energy Production,5.6
Bulgaria,2007,Industry,166.5
Bulgaria,2007,Services,55.4
Bulgaria,2008,Agriculture,2.94
Bulgaria,2008,Domestic/Public Use,669.25
Bulgaria,2008,Energy Production,2.12
Bulgaria,2008,Industry,161.20000000000002
Bulgaria,2008,Services,56.35
Bulgaria,2009,Agriculture,2.86
Bulgaria,2009,Domestic/Public Use,656.25
Bulgaria,2009,Energy Production,2.4
Bulgaria,2009,Industry,138.39
Bulgaria,2009,Services,50.07
Bulgaria,2010,Agriculture,2.6
Bulgaria,2010,Domestic/Public Use,635.75
Bulgaria,2010,Energy Production,2.33
Bulgaria,2010,Industry,128.64000000000001
Bulgaria,2010,Services,47.21
Bulgaria,2011,Agriculture,2.86
Bulgaria,2011,Domestic/Public Use,636.5899999999999
Bulgaria,2011,Energy Production,2.1
Bulgaria,2011,Industry,126.59
Bulgaria,2011,Services,46.7
Bulgaria,2012,Agriculture,3.15
Bulgaria,2012,Domestic/Public Use,646.45
Bulgaria,2012,Energy Production,1.9
Bulgaria,2012,Industry,126.18
Bulgaria,2012,Services,45.48
Bulgaria,2013,Agriculture,3.14
Bulgaria,2013,Domestic/Public Use,648.51
Bulgaria,2013,Energy Production,1.71
Bulgaria,2013,Industry,132.41
Bulgaria,2013,Services,43.03
Bulgaria,2014,Agriculture,3.33
Bulgaria,2014,Domestic/Public Use,617.16
Bulgaria,2014,Energy Production,1.6
Bulgaria,2014,Industry,128.35000000000002
Bulgaria,2014,Services,40.07
Bulgaria,2015,Agriculture,3.51
Bulgaria,2015,Domestic/Public Use,639.5
Bulgaria,2015,Energy Production,1.09
Bulgaria,2015,Industry,140.1
Bulgaria,2015,Services,44.61
Bulgaria,2016,Agriculture,4.57
Bulgaria,2016,Domestic/Public Use,651.1
Bulgaria,2016,Energy Production,1.05
Bulgaria,2016,Industry,158.77
Bulgaria,2016,Services,43.68
Bulgaria,2017,Agriculture,2.98
Bulgaria,2017,Domestic/Public Use,653.96
Bulgaria,2017,Energy Production,2.19
Bulgaria,2017,Industry,158.27
Bulgaria,2017,Services,50.22
Bulgaria,2018,Agriculture,2.53
Bulgaria,2018,Domestic/Public Use,639.0999999999999
Bulgaria,2018,Energy Production,2.12
Bulgaria,2018,Industry,145.66
Bulgaria,2018,Services,50.49
Bulgaria,2019,Agriculture,3.74
Bulgaria,2019,Domestic/Public Use,631.04
Bulgaria,2019,Energy Production,1.98
Bulgaria,2019,Industry,142.59
Bulgaria,2019,Services,46.2
Bulgaria,2020,Agriculture,3.623
Bulgaria,2020,Domestic/Public Use,623.318
Bulgaria,2020,Energy Production,1.905
Bulgaria,2020,Industry,123.217
Bulgaria,2020,Services,36.122
Bulgaria,2021,Agriculture,3.249
Bulgaria,2021,Domestic/Public Use,622.636
Bulgaria,2021,Energy Production,1.386
Bulgaria,2021,Industry,122.231
Bulgaria,2021,Services,38.969
Croatia,1995,Agriculture,130.0
Croatia,1995,Domestic/Public Use,668.0
Croatia,1995,Industry,158.0
Croatia,1995,Services,28.0
Croatia,1996,Agriculture,151.0
Croatia,1996,Domestic/Public Use,709.0
Croatia,1996,Industry,162.0
Croatia,1996,Services,28.0
Croatia,1997,Agriculture,159.0
Croatia,1997,Domestic/Public Use,714.0
Croatia,1997,Industry,159.0
Croatia,1997,Services,30.0
Croatia,1998,Agriculture,171.0
Croatia,1998,Domestic/Public Use,717.0
Croatia,1998,Industry,139.0
Croatia,1998,Services,27.0
Croatia,1999,Agriculture,200.0
Croatia,1999,Domestic/Public Use,698.0
Croatia,1999,Industry,122.0
Croatia,1999,Services,26.0
Croatia,2000,Agriculture,2.0
Croatia,2000,Domestic/Public Use,474.764
Croatia,2000,Energy Production,0.35
Croatia,2000,Industry,85.9519992
Croatia,2000,Services,69.168
Croatia,2001,Agriculture,2.0
Croatia,2001,Domestic/Public Use,489.543
Croatia,2001,Energy Production,0.35
Croatia,2001,Industry,84.461
Croatia,2001,Services,68.085
Croatia,2002,Agriculture,2.0
Croatia,2002,Domestic/Public Use,457.355
Croatia,2002,Energy Production,0.35
Croatia,2002,Industry,85.156
Croatia,2002,Services,61.352
Croatia,2003,Agriculture,2.0
Croatia,2003,Domestic/Public Use,478.62800000000004
Croatia,2003,Energy Production,0.35
Croatia,2003,Industry,86.776
Croatia,2003,Services,63.031
Croatia,2004,Agriculture,2.0
Croatia,2004,Domestic/Public Use,460.37
Croatia,2004,Energy Production,0.35
Croatia,2004,Industry,87.626
Croatia,2004,Services,55.919
Croatia,2005,Agriculture,2.0
Croatia,2005,Domestic/Public Use,452.178
Croatia,2005,Energy Production,0.35
Croatia,2005,Industry,85.84
Croatia,2005,Services,50.947
Croatia,2006,Agriculture,2.0
Croatia,2006,Domestic/Public Use,452.501
Croatia,2006,Energy Production,0.35
Croatia,2006,Industry,84.488
Croatia,2006,Services,49.881
Croatia,2007,Agriculture,2.0
Croatia,2007,Domestic/Public Use,457.97799999999995
Croatia,2007,Energy Production,0.342
Croatia,2007,Industry,75.102
Croatia,2007,Services,47.925
Croatia,2008,Agriculture,2.0
Croatia,2008,Domestic/Public Use,474.359
Croatia,2008,Energy Production,0.378
Croatia,2008,Industry,86.61800000000001
Croatia,2008,Services,68.296
Croatia,2009,Agriculture,2.0
Croatia,2009,Domestic/Public Use,486.327
Croatia,2009,Energy Production,0.368
Croatia,2009,Industry,106.68299999999999
Croatia,2009,Services,70.091
Croatia,2010,Agriculture,2.0
Croatia,2010,Domestic/Public Use,497.57099999999997
Croatia,2010,Energy Production,0.267
Croatia,2010,Industry,107.551
Croatia,2010,Services,69.123
Croatia,2011,Agriculture,2.0
Croatia,2011,Domestic/Public Use,473.054
Croatia,2011,Energy Production,0.271
Croatia,2011,Industry,86.177
Croatia,2011,Services,68.503
Croatia,2012,Agriculture,2.0
Croatia,2012,Domestic/Public Use,466.79999999999995
Croatia,2012,Energy Production,0.273
Croatia,2012,Industry,69.012
Croatia,2012,Services,66.937
Croatia,2013,Agriculture,2.0
Croatia,2013,Domestic/Public Use,472.64300000000003
Croatia,2013,Energy Production,0.198
Croatia,2013,Industry,57.709
Croatia,2013,Services,58.503
Croatia,2014,Agriculture,2.0
Croatia,2014,Domestic/Public Use,424.099
Croatia,2014,Energy Production,0.189
Croatia,2014,Industry,60.273
Croatia,2014,Services,52.797
Croatia,2015,Agriculture,2.0
Croatia,2015,Domestic/Public Use,450.28700000000003
Croatia,2015,Energy Production,0.189
Croatia,2015,Industry,67.81099999999999
Croatia,2015,Services,60.613
Croatia,2016,Agriculture,2.0
Croatia,2016,Domestic/Public Use,425.63300000000004
Croatia,2016,Energy Production,0.18
Croatia,2016,Industry,55.989
Croatia,2016,Services,52.323
Croatia,2017,Agriculture,2.0
Croatia,2017,Domestic/Public Use,406.631
Croatia,2017,Energy Production,0.186
Croatia,2017,Industry,55.199999999999996
Croatia,2017,Services,41.554
Croatia,2018,Agriculture,2.0
Croatia,2018,Domestic/Public Use,411.384
Croatia,2018,Energy Production,0.114
Croatia,2018,Industry,59.68
Croatia,2018,Services,43.058
Croatia,2019,Agriculture,2.0
Croatia,2019,Domestic/Public Use,411.40200000000004
Croatia,2019,Energy Production,0.13
Croatia,2019,Industry,59.783
Croatia,2019,Services,43.136
Croatia,2020,Agriculture,2.0
Croatia,2020,Domestic/Public Use,408.307
Croatia,2020,Energy Production,0.088
Croatia,2020,Industry,55.513999999999996
Croatia,2020,Services,42.151
Croatia,2021,Agriculture,2.0
Croatia,2021,Domestic/Public Use,409.606
Croatia,2021,Energy Production,0.08
Croatia,2021,Industry,54.312000000000005
Croatia,2021,Services,43.834
Croatia,2022,Agriculture,2.0
Croatia,2022,Domestic/Public Use,419.35
Croatia,2022,Energy Production,0.08
Croatia,2022,Industry,56.72
Croatia,2022,Services,44.0
Denmark,1985,Domestic/Public Use,965.7
Denmark,1985,Industry,129.6
Denmark,1985,Services,52.8
Denmark,1989,Domestic/Public Use,947.8
Denmark,1990,Domestic/Public Use,912.6
Denmark,1990,Industry,103.0
Denmark,1990,Services,51.2
Denmark,1991,Domestic/Public Use,881.2
Denmark,1992,Domestic/Public Use,859.6
Denmark,1993,Domestic/Public Use,822.4
Denmark,1993,Industry,110.0
Denmark,1993,Services,50.0
Denmark,1994,Domestic/Public Use,793.9
Denmark,1994,Industry,103.1
Denmark,1994,Services,46.2
Denmark,1995,Domestic/Public Use,470.0
Denmark,1996,Domestic/Public Use,509.0
Denmark,1997,Domestic/Public Use,464.7
Denmark,1998,Domestic/Public Use,440.1
Denmark,1999,Domestic/Public Use,422.0
Denmark,2000,Domestic/Public Use,419.9
Denmark,2001,Domestic/Public Use,661.8
Denmark,2002,Agriculture,40.7
Denmark,2002,Domestic/Public Use,619.2
Denmark,2002,Energy Production,3.9
Denmark,2002,Industry,47.8
Denmark,2002,Services,51.9
Denmark,2003,Agriculture,39.4
Denmark,2003,Domestic/Public Use,608.2
Denmark,2003,Energy Production,4.2
Denmark,2003,Industry,45.5
Denmark,2003,Services,47.9
Denmark,2004,Agriculture,38.6
Denmark,2004,Domestic/Public Use,613.2
Denmark,2004,Energy Production,4.0
Denmark,2004,Industry,42.4
Denmark,2004,Services,47.8
Denmark,2005,Agriculture,51.0
Denmark,2005,Domestic/Public Use,420.5
Denmark,2005,Energy Production,4.0
Denmark,2006,Agriculture,49.0
Denmark,2006,Domestic/Public Use,404.1
Denmark,2006,Energy Production,4.0
Denmark,2007,Domestic/Public Use,409.7
Denmark,2008,Domestic/Public Use,406.7
Denmark,2009,Domestic/Public Use,385.6
Denmark,2010,Agriculture,46.6
Denmark,2010,Domestic/Public Use,601.37
Denmark,2010,Energy Production,2.76
Denmark,2010,Industry,116.66
Denmark,2010,Services,43.09
Denmark,2011,Agriculture,43.46
Denmark,2011,Domestic/Public Use,595.58
Denmark,2011,Energy Production,2.38
Denmark,2011,Industry,108.9
Denmark,2011,Services,39.75
Denmark,2012,Agriculture,45.14
Denmark,2012,Domestic/Public Use,599.55
Denmark,2012,Energy Production,2.2
Denmark,2012,Industry,110.13
Denmark,2012,Services,39.51
Denmark,2013,Agriculture,42.65
Denmark,2013,Domestic/Public Use,603.76
Denmark,2013,Energy Production,1.82
Denmark,2013,Industry,112.38000000000001
Denmark,2013,Services,37.23
Denmark,2014,Agriculture,45.85
Denmark,2014,Domestic/Public Use,586.3
Denmark,2014,Energy Production,1.82
Denmark,2014,Industry,126.27999999999999
Denmark,2014,Services,38.41
Denmark,2015,Agriculture,49.35
Denmark,2015,Domestic/Public Use,562.28
Denmark,2015,Energy Production,1.99
Denmark,2015,Industry,128.55
Denmark,2015,Services,41.83
Denmark,2016,Agriculture,49.99
Denmark,2016,Domestic/Public Use,570.35
Denmark,2016,Energy Production,2.17
Denmark,2016,Industry,132.92
Denmark,2016,Services,45.04
Denmark,2017,Agriculture,44.09
Denmark,2017,Domestic/Public Use,583.38
Denmark,2017,Energy Production,1.81
Denmark,2017,Industry,120.72999999999999
Denmark,2017,Services,38.12
Denmark,2018,Agriculture,44.11
Denmark,2018,Domestic/Public Use,605.36
Denmark,2018,Energy Production,2.03
Denmark,2018,Industry,121.18
Denmark,2018,Services,38.31
Denmark,2019,Agriculture,45.69
Denmark,2019,Domestic/Public Use,592.6
Denmark,2019,Energy Production,1.8
Denmark,2019,Industry,112.62
Denmark,2019,Services,37.19
Denmark,2020,Agriculture,42.98
Denmark,2020,Domestic/Public Use,622.56
Denmark,2020,Energy Production,1.85
Denmark,2020,Industry,115.36
Denmark,2020,Services,36.66
Denmark,2021,Agriculture,43.1
Denmark,2021,Domestic/Public Use,606.64
Denmark,2021,Energy Production,2.17
Denmark,2021,Industry,110.62
Denmark,2021,Services,31.45
Denmark,2022,Agriculture,44.88
Denmark,2022,Domestic/Public Use,589.17
Denmark,2022,Energy Production,2.21
Denmark,2022,Industry,115.53999999999999
Denmark,2022,Services,32.96
Estonia,2000,Domestic/Public Use,71.5
Estonia,2001,Domestic/Public Use,66.1
Estonia,2002,Domestic/Public Use,71.1
Estonia,2003,Domestic/Public Use,69.7
Estonia,2004,Domestic/Public Use,66.1
Estonia,2010,Agriculture,0.2
Estonia,2010,Domestic/Public Use,46.8
Estonia,2010,Energy Production,0.2
Estonia,2010,Industry,14.2
Estonia,2011,Agriculture,0.2
Estonia,2011,Domestic/Public Use,47.8
Estonia,2011,Energy Production,0.2
Estonia,2011,Industry,14.5
Estonia,2012,Agriculture,0.3
Estonia,2012,Domestic/Public Use,49.8
Estonia,2012,Energy Production,0.2
Estonia,2012,Industry,15.7
Estonia,2013,Agriculture,0.3
Estonia,2013,Domestic/Public Use,51.6
Estonia,2013,Energy Production,0.1
Estonia,2013,Industry,7.9
Estonia,2014,Agriculture,0.21
Estonia,2014,Domestic/Public Use,44.49
Estonia,2014,Energy Production,0.011
Estonia,2014,Industry,6.36
Estonia,2015,Agriculture,0.18
Estonia,2015,Domestic/Public Use,50.52
Estonia,2015,Energy Production,0.12
Estonia,2015,Industry,7.91
Estonia,2016,Agriculture,0.16
Estonia,2016,Domestic/Public Use,50.18
Estonia,2016,Energy Production,0.09
Estonia,2016,Industry,8.06
Estonia,2017,Agriculture,0.17
Estonia,2017,Domestic/Public Use,49.29
Estonia,2017,Energy Production,0.01
Estonia,2017,Industry,8.25
Estonia,2018,Agriculture,0.16
Estonia,2018,Domestic/Public Use,48.63
Estonia,2018,Energy Production,0.06
Estonia,2018,Industry,8.33
Estonia,2019,Agriculture,0.120485
Estonia,2019,Domestic/Public Use,52.74774
Estonia,2019,Energy Production,0.061987
Estonia,2019,Industry,9.744243
Estonia,2020,Agriculture,0.127726
Estonia,2020,Domestic/Public Use,51.22781
Estonia,2020,Energy Production,0.063329
Estonia,2020,Industry,7.421658
Estonia,2021,Agriculture,0.111486
Estonia,2021,Domestic/Public Use,62.51642
Estonia,2021,Energy Production,0.007208
Estonia,2021,Industry,7.284851
Estonia,2022,Agriculture,0.111504
Estonia,2022,Domestic/Public Use,62.92818
Estonia,2022,Energy Production,0.009907
Estonia,2022,Industry,7.694294
Finland,1970,Domestic/Public Use,586.0
Finland,1975,Domestic/Public Use,762.0
Finland,1980,Domestic/Public Use,778.0
Finland,1985,Domestic/Public Use,818.0
Finland,1989,Domestic/Public Use,861.0
Finland,1989,Energy Production,0.0
Finland,1989,Industry,17.6
Finland,1990,Domestic/Public Use,848.0
Finland,1991,Domestic/Public Use,832.0
Finland,1992,Domestic/Public Use,839.0
Finland,1993,Domestic/Public Use,838.0
Finland,1994,Domestic/Public Use,838.0
Finland,1995,Domestic/Public Use,824.0
Finland,1996,Domestic/Public Use,838.0
Finland,1997,Domestic/Public Use,832.0
Finland,1998,Domestic/Public Use,808.0
Finland,1999,Domestic/Public Use,808.0
Finland,2013,Industry,15.4
Finland,2014,Industry,14.4
Finland,2015,Industry,13.2
Finland,2016,Industry,14.600000000000001
Finland,2017,Industry,12.1
Finland,2018,Industry,13.020000000000001
Finland,2019,Industry,12.764
Finland,2020,Industry,11.849
Finland,2021,Industry,12.58
Finland,2022,Industry,12.544
Georgia,1990,Domestic/Public Use,556.0
Georgia,1995,Domestic/Public Use,422.0
Georgia,1999,Domestic/Public Use,459.39999389648
Georgia,2000,Domestic/Public Use,493.8
Georgia,2001,Domestic/Public Use,568.3
Georgia,2002,Domestic/Public Use,594.0
Georgia,2003,Domestic/Public Use,565.0
Georgia,2004,Domestic/Public Use,551.0
Georgia,2005,Domestic/Public Use,551.0
Georgia,2006,Domestic/Public Use,466.0
Georgia,2007,Domestic/Public Use,451.0
Georgia,2008,Domestic/Public Use,465.0
Georgia,2009,Domestic/Public Use,509.0
Georgia,2010,Domestic/Public Use,782.0
Georgia,2011,Domestic/Public Use,676.0
Georgia,2012,Domestic/Public Use,726.0
Georgia,2013,Domestic/Public Use,693.0
Georgia,2014,Domestic/Public Use,690.0
Georgia,2015,Domestic/Public Use,913.2
Georgia,2016,Domestic/Public Use,890.1
Georgia,2017,Domestic/Public Use,888.2
Georgia,2018,Domestic/Public Use,799.7
Georgia,2019,Domestic/Public Use,816.9
Georgia,2020,Domestic/Public Use,760.1
Georgia,2021,Domestic/Public Use,931.5
Germany,1991,Domestic/Public Use,9876.0
Germany,1991,Industry,1753.0
Germany,1991,Services,575.0
Germany,1995,Domestic/Public Use,5094.0
Germany,1995,Energy Production,45.0
Germany,1995,Industry,1521.3
Germany,1998,Domestic/Public Use,4859.0
Germany,1998,Energy Production,46.0
Germany,1998,Industry,1459.0
Germany,2001,Domestic/Public Use,8553.0
Germany,2001,Energy Production,36.0
Germany,2001,Industry,1154.6
Germany,2004,Domestic/Public Use,8481.0
Germany,2004,Energy Production,39.6
Germany,2004,Industry,1130.3
Germany,2007,Industry,330.8
Germany,2010,Agriculture,1.4
Germany,2010,Domestic/Public Use,7689.503000000001
Germany,2010,Energy Production,35.235
Germany,2010,Industry,1163.598
Germany,2010,Services,18.313
Germany,2011,Domestic/Public Use,3564.756
Germany,2011,Energy Production,34.004
Germany,2011,Industry,744.566
Germany,2012,Domestic/Public Use,3552.646
Germany,2012,Energy Production,34.35
Germany,2012,Industry,798.726
Germany,2013,Agriculture,6.0
Germany,2013,Domestic/Public Use,7636.815
Germany,2013,Energy Production,35.184
Germany,2013,Industry,1315.288
Germany,2013,Services,80.48
Germany,2014,Domestic/Public Use,3585.534
Germany,2014,Energy Production,30.64223
Germany,2014,Industry,776.997601
Germany,2015,Domestic/Public Use,3630.533
Germany,2015,Energy Production,26.72284
Germany,2015,Industry,712.067766
Germany,2016,Agriculture,10.30973
Germany,2016,Domestic/Public Use,7838.2080000000005
Germany,2016,Energy Production,23.28717
Germany,2016,Industry,1042.200989
Germany,2016,Services,101.4692
Germany,2017,Domestic/Public Use,3735.349
Germany,2017,Energy Production,26.43942
Germany,2017,Industry,689.183573
Germany,2018,Domestic/Public Use,3795.166
Germany,2018,Energy Production,29.69336
Germany,2018,Industry,688.076443
Germany,2019,Agriculture,17.32943
Germany,2019,Domestic/Public Use,8226.446
Germany,2019,Energy Production,29.47439
Germany,2019,Industry,1048.35422
Germany,2019,Services,123.4841
Greece,1980,Domestic/Public Use,750.0
Greece,1997,Domestic/Public Use,670.0
Greece,2000,Domestic/Public Use,906.8
Greece,2000,Services,205.4
Greece,2001,Domestic/Public Use,869.9000000000001
Greece,2001,Services,204.5
Greece,2002,Domestic/Public Use,875.9
Greece,2002,Services,205.7
Greece,2003,Domestic/Public Use,1001.0999999999999
Greece,2003,Services,214.5
Greece,2004,Domestic/Public Use,1029.8
Greece,2004,Services,215.3
Greece,2005,Domestic/Public Use,1071.8000000000002
Greece,2005,Services,214.6
Greece,2006,Domestic/Public Use,1072.6
Greece,2006,Services,213.3
Greece,2007,Domestic/Public Use,1020.4000000000001
Greece,2007,Services,230.7
Greece,2010,Energy Production,0.14
Greece,2010,Industry,10.13
Greece,2011,Agriculture,0.0
Greece,2011,Domestic/Public Use,2164.52
Greece,2011,Energy Production,0.45
Greece,2011,Industry,181.67000000000002
Greece,2011,Services,31.8
Greece,2012,Agriculture,0.0
Greece,2012,Domestic/Public Use,2163.44
Greece,2012,Energy Production,0.37
Greece,2012,Industry,179.59
Greece,2012,Services,31.8
Greece,2013,Agriculture,0.0
Greece,2013,Domestic/Public Use,2164.32
Greece,2013,Energy Production,0.36
Greece,2013,Industry,181.36
Greece,2013,Services,31.8
Greece,2014,Agriculture,0.0
Greece,2014,Domestic/Public Use,2167.12
Greece,2014,Energy Production,0.2
Greece,2014,Industry,187.12
Greece,2014,Services,31.8
Greece,2015,Agriculture,0.0
Greece,2015,Domestic/Public Use,2168.07
Greece,2015,Energy Production,0.22
Greece,2015,Industry,189.0
Greece,2015,Services,31.8
Greece,2016,Agriculture,0.0
Greece,2016,Domestic/Public Use,2441.7039999999997
Greece,2016,Energy Production,0.27
Greece,2016,Industry,287.11
Greece,2017,Agriculture,0.0
Greece,2017,Domestic/Public Use,2437.504
Greece,2017,Energy Production,0.29
Greece,2017,Industry,278.69
Greece,2018,Agriculture,0.0
Greece,2018,Domestic/Public Use,2439.3940000000002
Greece,2018,Energy Production,0.28
Greece,2018,Industry,282.48
Greece,2019,Agriculture,0.0
Greece,2019,Domestic/Public Use,2440.004
Greece,2019,Energy Production,0.36
Greece,2019,Industry,283.62
Greece,2020,Agriculture,0.0
Greece,2020,Domestic/Public Use,2440.077
Greece,2020,Energy Production,0.31
Greece,2020,Industry,283.81
Greece,2021,Agriculture,0.0
Greece,2021,Domestic/Public Use,2439.2250000000004
Greece,2021,Energy Production,0.3606891
Greece,2021,Industry,282.0607
Greece,2022,Agriculture,0.0
Greece,2022,Domestic/Public Use,2436.865
Greece,2022,Energy Production,0.200755
Greece,2022,Industry,277.5008
Hungary,1970,Agriculture,15.8
Hungary,1970,Domestic/Public Use,725.0
Hungary,1970,Energy Production,3.4
Hungary,1970,Industry,237.7
Hungary,1970,Services,87.0
Hungary,1975,Agriculture,18.2
Hungary,1975,Domestic/Public Use,955.9000000000001
Hungary,1975,Energy Production,3.9
Hungary,1975,Industry,272.6
Hungary,1975,Services,109.3
Hungary,1990,Domestic/Public Use,1490.4
Hungary,1992,Agriculture,21.1
Hungary,1992,Domestic/Public Use,1438.0
Hungary,1992,Energy Production,13.9
Hungary,1992,Industry,354.4
Hungary,1992,Services,24.8
Hungary,1993,Agriculture,36.0
Hungary,1993,Domestic/Public Use,1245.8
Hungary,1993,Energy Production,29.6
Hungary,1993,Industry,306.4
Hungary,1993,Services,24.0
Hungary,1994,Agriculture,0.0
Hungary,1994,Domestic/Public Use,1110.2
Hungary,1994,Energy Production,12.4
Hungary,1994,Industry,160.6
Hungary,1994,Services,133.9
Hungary,1995,Agriculture,0.0
Hungary,1995,Domestic/Public Use,1083.0
Hungary,1995,Energy Production,14.6
Hungary,1995,Industry,192.8
Hungary,1995,Services,164.9
Hungary,1996,Agriculture,0.0
Hungary,1996,Domestic/Public Use,977.8
Hungary,1996,Energy Production,11.6
Hungary,1996,Industry,126.1
Hungary,1996,Services,116.3
Hungary,1997,Agriculture,0.0
Hungary,1997,Domestic/Public Use,940.7
Hungary,1997,Energy Production,13.1
Hungary,1997,Industry,122.4
Hungary,1997,Services,112.0
Hungary,1998,Agriculture,0.0
Hungary,1998,Domestic/Public Use,927.0
Hungary,1998,Energy Production,12.3
Hungary,1998,Industry,102.5
Hungary,1998,Services,115.1
Hungary,1999,Agriculture,2.0
Hungary,1999,Domestic/Public Use,904.7
Hungary,1999,Energy Production,8.6
Hungary,1999,Industry,82.8
Hungary,1999,Services,119.6
Hungary,2000,Domestic/Public Use,948.2
Hungary,2001,Domestic/Public Use,907.4
Hungary,2002,Domestic/Public Use,927.5
Hungary,2003,Domestic/Public Use,955.8
Hungary,2004,Domestic/Public Use,904.8
Hungary,2005,Agriculture,2.6
Hungary,2005,Domestic/Public Use,884.0999999999999
Hungary,2005,Energy Production,0.5
Hungary,2005,Industry,55.699999999999996
Hungary,2005,Services,102.7
Hungary,2006,Domestic/Public Use,370.143
Hungary,2007,Domestic/Public Use,375.656
Hungary,2008,Domestic/Public Use,853.803
Hungary,2009,Domestic/Public Use,841.779
Hungary,2010,Agriculture,1.9
Hungary,2010,Domestic/Public Use,796.1
Hungary,2010,Energy Production,0.2
Hungary,2010,Industry,69.6
Hungary,2010,Services,48.8
Hungary,2011,Agriculture,1.8
Hungary,2011,Domestic/Public Use,793.9
Hungary,2011,Energy Production,0.1
Hungary,2011,Industry,70.1
Hungary,2011,Services,49.3
Hungary,2012,Agriculture,1.7
Hungary,2012,Domestic/Public Use,793.6
Hungary,2012,Energy Production,0.1
Hungary,2012,Industry,66.6
Hungary,2012,Services,47.7
Hungary,2013,Agriculture,1.184
Hungary,2013,Domestic/Public Use,767.256
Hungary,2013,Energy Production,0.063
Hungary,2013,Industry,64.113
Hungary,2013,Services,45.697
Hungary,2014,Agriculture,1.152
Hungary,2014,Domestic/Public Use,753.115
Hungary,2014,Energy Production,0.041
Hungary,2014,Industry,62.224
Hungary,2014,Services,45.214
Hungary,2015,Agriculture,1.207
Hungary,2015,Domestic/Public Use,776.925
Hungary,2015,Energy Production,0.022
Hungary,2015,Industry,65.055
Hungary,2015,Services,47.441
Hungary,2016,Agriculture,1.19
Hungary,2016,Domestic/Public Use,777.442
Hungary,2016,Energy Production,0.017
Hungary,2016,Industry,64.30799999999999
Hungary,2016,Services,47.153
Hungary,2017,Agriculture,1.23
Hungary,2017,Domestic/Public Use,793.6279999999999
Hungary,2017,Energy Production,0.092
Hungary,2017,Industry,66.331
Hungary,2017,Services,50.759
Hungary,2018,Agriculture,1.5141
Hungary,2018,Domestic/Public Use,798.5086
Hungary,2018,Energy Production,0.0811
Hungary,2018,Industry,70.3524
Hungary,2018,Services,48.4113
Hungary,2019,Agriculture,1.4982
Hungary,2019,Domestic/Public Use,812.2272
Hungary,2019,Energy Production,0.0859
Hungary,2019,Industry,71.4628
Hungary,2019,Services,50.1634
Hungary,2020,Agriculture,1.50054
Hungary,2020,Domestic/Public Use,828.8609
Hungary,2020,Energy Production,0.17511
Hungary,2020,Industry,64.24334
Hungary,2020,Services,46.49949
Hungary,2021,Agriculture,1.491
Hungary,2021,Domestic/Public Use,849.932
Hungary,2021,Energy Production,0.236
Hungary,2021,Industry,66.201
Hungary,2021,Services,48.798
Hungary,2022,Agriculture,4.03861
Hungary,2022,Domestic/Public Use,860.9966999999999
Hungary,2022,Energy Production,3.21496
Hungary,2022,Industry,61.53667
Hungary,2022,Services,80.02253
Iceland,1980,Domestic/Public Use,87.0
Iceland,1985,Domestic/Public Use,98.0
Iceland,1991,Energy Production,0.0
Iceland,1991,Industry,0.0
Iceland,1992,Agriculture,0.0
Iceland,1992,Domestic/Public Use,95.0
Iceland,1992,Energy Production,0.0
Iceland,1992,Industry,0.0
Iceland,1993,Agriculture,0.0
Iceland,1993,Domestic/Public Use,95.0
Iceland,1993,Energy Production,0.0
Iceland,1993,Industry,0.0
Iceland,1994,Agriculture,0.0
Iceland,1994,Domestic/Public Use,92.0
Iceland,1994,Energy Production,0.0
Iceland,1994,Industry,0.0
Iceland,1995,Domestic/Public Use,92.0
Iceland,1995,Industry,8.0
Iceland,1996,Domestic/Public Use,92.0
Iceland,1996,Industry,8.0
Iceland,1997,Domestic/Public Use,92.0
Iceland,1997,Industry,8.0
Iceland,1998,Domestic/Public Use,93.0
Iceland,1998,Industry,10.0
Iceland,1999,Domestic/Public Use,94.0
Iceland,1999,Industry,10.0
Ireland,1989,Domestic/Public Use,471.0
Ireland,1994,Domestic/Public Use,470.0
Ireland,2007,Domestic/Public Use,609.0
Ireland,2011,Domestic/Public Use,669.0
Italy,1975,Domestic/Public Use,8433.0
Italy,1975,Industry,695.0
Italy,1975,Services,556.0
Italy,1990,Domestic/Public Use,10236.4
Italy,1990,Industry,845.4
Italy,1990,Services,511.6
Italy,1999,Agriculture,85.7
Italy,1999,Domestic/Public Use,9864.900000000001
Italy,1999,Industry,503.2
Italy,1999,Services,851.4
Italy,2005,Domestic/Public Use,5369.2
Italy,2008,Domestic/Public Use,5533.4
Italy,2012,Agriculture,59.5
Italy,2012,Domestic/Public Use,5232.2
Italy,2012,Industry,601.673
Italy,2015,Agriculture,43.597
Italy,2015,Domestic/Public Use,8559.926
Italy,2015,Energy Production,0.0
Italy,2015,Industry,647.506
Italy,2015,Services,822.07
Italy,2018,Domestic/Public Use,4748.67
Italy,2020,Domestic/Public Use,4687.37
Latvia,1998,Agriculture,9.0
Latvia,1998,Domestic/Public Use,385.2
Latvia,1998,Energy Production,126.6
Latvia,1998,Industry,347.8
Latvia,1998,Services,124.5
Latvia,1999,Agriculture,8.7
Latvia,1999,Domestic/Public Use,352.3
Latvia,1999,Energy Production,127.4
Latvia,1999,Industry,322.20000000000005
Latvia,1999,Services,106.4
Latvia,2000,Agriculture,0.824
Latvia,2000,Domestic/Public Use,182.708
Latvia,2000,Energy Production,0.441
Latvia,2000,Industry,8.559
Latvia,2000,Services,3.146
Latvia,2001,Agriculture,0.742
Latvia,2001,Domestic/Public Use,173.276
Latvia,2001,Energy Production,0.317
Latvia,2001,Industry,7.6339999999999995
Latvia,2001,Services,3.015
Latvia,2002,Agriculture,0.829
Latvia,2002,Domestic/Public Use,169.25799999999998
Latvia,2002,Energy Production,0.156
Latvia,2002,Industry,4.201
Latvia,2002,Services,3.115
Latvia,2003,Agriculture,0.636
Latvia,2003,Domestic/Public Use,205.48000000000002
Latvia,2003,Energy Production,0.099
Latvia,2003,Industry,3.05
Latvia,2003,Services,2.321
Latvia,2004,Agriculture,0.581
Latvia,2004,Domestic/Public Use,173.53
Latvia,2004,Energy Production,0.059
Latvia,2004,Industry,3.078
Latvia,2004,Services,4.631
Latvia,2005,Agriculture,0.594
Latvia,2005,Domestic/Public Use,179.39499999999998
Latvia,2005,Energy Production,0.101
Latvia,2005,Industry,3.467
Latvia,2005,Services,4.438
Latvia,2006,Agriculture,0.591
Latvia,2006,Domestic/Public Use,186.725
Latvia,2006,Energy Production,0.137
Latvia,2006,Industry,5.252
Latvia,2006,Services,4.594
Latvia,2007,Agriculture,0.438
Latvia,2007,Domestic/Public Use,196.889
Latvia,2007,Energy Production,0.364
Latvia,2007,Industry,4.706
Latvia,2007,Services,1.568
Latvia,2008,Agriculture,0.358
Latvia,2008,Domestic/Public Use,190.513
Latvia,2008,Energy Production,0.007
Latvia,2008,Industry,0.862
Latvia,2008,Services,1.233
Latvia,2009,Agriculture,0.347
Latvia,2009,Domestic/Public Use,171.152
Latvia,2009,Energy Production,0.005
Latvia,2009,Industry,0.658
Latvia,2009,Services,1.203
Latvia,2010,Agriculture,0.393
Latvia,2010,Domestic/Public Use,163.12
Latvia,2010,Energy Production,0.003
Latvia,2010,Industry,0.522
Latvia,2010,Services,1.074
Latvia,2011,Agriculture,0.331
Latvia,2011,Domestic/Public Use,168.18
Latvia,2011,Energy Production,0.0
Latvia,2011,Industry,3.165
Latvia,2011,Services,0.792
Latvia,2012,Agriculture,0.363
Latvia,2012,Domestic/Public Use,158.98000000000002
Latvia,2012,Energy Production,0.008
Latvia,2012,Industry,3.214
Latvia,2012,Services,0.693
Latvia,2013,Agriculture,0.347
Latvia,2013,Domestic/Public Use,156.416
Latvia,2013,Energy Production,0.008
Latvia,2013,Industry,2.911
Latvia,2013,Services,0.632
Latvia,2014,Agriculture,0.416
Latvia,2014,Domestic/Public Use,149.829
Latvia,2014,Energy Production,0.009
Latvia,2014,Industry,2.581
Latvia,2014,Services,0.562
Latvia,2015,Agriculture,0.297
Latvia,2015,Domestic/Public Use,147.049
Latvia,2015,Energy Production,0.007
Latvia,2015,Industry,1.732
Latvia,2015,Services,0.451
Latvia,2016,Agriculture,0.294
Latvia,2016,Domestic/Public Use,162.027
Latvia,2016,Energy Production,0.006
Latvia,2016,Industry,1.254
Latvia,2016,Services,0.144
Latvia,2017,Agriculture,0.296
Latvia,2017,Domestic/Public Use,187.417
Latvia,2017,Energy Production,0.003
Latvia,2017,Industry,1.384
Latvia,2017,Services,0.147
Latvia,2018,Agriculture,0.295
Latvia,2018,Domestic/Public Use,197.466
Latvia,2018,Energy Production,0.027
Latvia,2018,Industry,1.354
Latvia,2018,Services,0.125
Latvia,2019,Agriculture,0.27
Latvia,2019,Domestic/Public Use,195.68200000000002
Latvia,2019,Energy Production,0.011
Latvia,2019,Industry,1.335
Latvia,2019,Services,0.113
Latvia,2020,Agriculture,0.298
Latvia,2020,Domestic/Public Use,146.681
Latvia,2020,Energy Production,0.007
Latvia,2020,Industry,1.055
Latvia,2020,Services,0.081
Latvia,2021,Agriculture,0.234
Latvia,2021,Domestic/Public Use,74.769
Latvia,2021,Energy Production,0.092
Latvia,2021,Industry,1.095
Latvia,2021,Services,0.24
Latvia,2022,Agriculture,0.185
Latvia,2022,Domestic/Public Use,69.532
Latvia,2022,Energy Production,0.095
Latvia,2022,Industry,1.063
Latvia,2022,Services,0.357
Lithuania,2002,Domestic/Public Use,58.1
Lithuania,2002,Energy Production,0.2
Lithuania,2002,Industry,14.9
Lithuania,2002,Services,0.4
Lithuania,2003,Agriculture,0.213
Lithuania,2003,Domestic/Public Use,172.14451000000003
Lithuania,2003,Energy Production,1.0712
Lithuania,2003,Industry,35.212199999999996
Lithuania,2003,Services,21.00879
Lithuania,2004,Agriculture,0.2288
Lithuania,2004,Domestic/Public Use,169.83762000000002
Lithuania,2004,Energy Production,0.8277
Lithuania,2004,Industry,33.189
Lithuania,2004,Services,20.44228
Lithuania,2005,Agriculture,0.1741
Lithuania,2005,Domestic/Public Use,169.11279000000002
Lithuania,2005,Energy Production,0.9795
Lithuania,2005,Industry,38.8382
Lithuania,2005,Services,19.86351
Lithuania,2006,Agriculture,0.1269
Lithuania,2006,Domestic/Public Use,171.4038
Lithuania,2006,Energy Production,1.0112
Lithuania,2006,Industry,37.770399999999995
Lithuania,2006,Services,25.1702
Lithuania,2007,Agriculture,0.1226
Lithuania,2007,Domestic/Public Use,173.21984
Lithuania,2007,Energy Production,0.951
Lithuania,2007,Industry,40.9539
Lithuania,2007,Services,27.66766
Lithuania,2008,Agriculture,0.1018
Lithuania,2008,Domestic/Public Use,170.85928
Lithuania,2008,Energy Production,0.9145
Lithuania,2008,Industry,36.7747
Lithuania,2008,Services,29.68481
Lithuania,2009,Agriculture,0.084
Lithuania,2009,Domestic/Public Use,162.67012
Lithuania,2009,Energy Production,0.826
Lithuania,2009,Industry,30.2243
Lithuania,2009,Services,26.12718
Lithuania,2010,Agriculture,0.082
Lithuania,2010,Domestic/Public Use,161.00303
Lithuania,2010,Energy Production,0.2584
Lithuania,2010,Industry,30.081
Lithuania,2010,Services,27.99227
Lithuania,2011,Agriculture,0.0249
Lithuania,2011,Domestic/Public Use,160.46647000000002
Lithuania,2011,Energy Production,0.1621
Lithuania,2011,Industry,29.2225
Lithuania,2011,Services,29.76883
Lithuania,2012,Agriculture,0.0915
Lithuania,2012,Domestic/Public Use,157.36631
Lithuania,2012,Energy Production,0.1892
Lithuania,2012,Industry,29.0451
Lithuania,2012,Services,27.68152
Lithuania,2013,Agriculture,0.052
Lithuania,2013,Domestic/Public Use,165.29905000000002
Lithuania,2013,Energy Production,0.059407
Lithuania,2013,Industry,26.584697000000002
Lithuania,2013,Services,25.81085
Lithuania,2014,Agriculture,0.069301
Lithuania,2014,Domestic/Public Use,170.57851
Lithuania,2014,Energy Production,0.051168
Lithuania,2014,Industry,29.354572
Lithuania,2014,Services,24.19682
Lithuania,2015,Agriculture,0.090658
Lithuania,2015,Domestic/Public Use,169.77643
Lithuania,2015,Energy Production,0.046146
Lithuania,2015,Industry,28.248179999999998
Lithuania,2015,Services,22.61458
Lithuania,2016,Agriculture,0.059
Lithuania,2016,Domestic/Public Use,173.335
Lithuania,2016,Energy Production,0.008
Lithuania,2016,Industry,27.896
Lithuania,2016,Services,22.801
Lithuania,2017,Agriculture,0.061
Lithuania,2017,Domestic/Public Use,173.985
Lithuania,2017,Energy Production,0.005
Lithuania,2017,Industry,28.16
Lithuania,2017,Services,23.421
Lithuania,2018,Agriculture,0.078
Lithuania,2018,Domestic/Public Use,182.94
Lithuania,2018,Energy Production,0.005
Lithuania,2018,Industry,30.587999999999997
Lithuania,2018,Services,24.904
Lithuania,2019,Agriculture,0.07023
Lithuania,2019,Domestic/Public Use,182.49004000000002
Lithuania,2019,Energy Production,0.074695
Lithuania,2019,Industry,33.054119
Lithuania,2019,Services,24.76295
Lithuania,2020,Agriculture,0.118034
Lithuania,2020,Domestic/Public Use,185.70515
Lithuania,2020,Energy Production,0.13818
Lithuania,2020,Industry,32.059881
Lithuania,2020,Services,21.24189
Lithuania,2021,Agriculture,0.080347
Lithuania,2021,Domestic/Public Use,189.26882
Lithuania,2021,Energy Production,0.328114
Lithuania,2021,Industry,33.051413000000004
Lithuania,2021,Services,21.13832
Lithuania,2022,Agriculture,0.075839
Lithuania,2022,Domestic/Public Use,187.07959
Lithuania,2022,Energy Production,0.314058
Lithuania,2022,Industry,31.792369
Lithuania,2022,Services,23.65071
Luxembourg,1980,Domestic/Public Use,34.4
Luxembourg,1995,Industry,26.3
Luxembourg,1999,Industry,0.0
Luxembourg,2013,Domestic/Public Use,40.59
Luxembourg,2014,Domestic/Public Use,42.25
Luxembourg,2015,Domestic/Public Use,42.18
Luxembourg,2016,Domestic/Public Use,42.37
Luxembourg,2017,Domestic/Public Use,43.23
Luxembourg,2018,Domestic/Public Use,49.21
Luxembourg,2019,Domestic/Public Use,43.72
Luxembourg,2020,Domestic/Public Use,42.757
Luxembourg,2021,Domestic/Public Use,41.11
Moldova,2003,Domestic/Public Use,112.7
Moldova,2004,Domestic/Public Use,108.1
Moldova,2005,Domestic/Public Use,112.0
Moldova,2006,Domestic/Public Use,112.5
Moldova,2007,Domestic/Public Use,125.1
Moldova,2008,Domestic/Public Use,120.6
Moldova,2009,Domestic/Public Use,118.7
Moldova,2010,Domestic/Public Use,115.1
Moldova,2011,Domestic/Public Use,111.5
Moldova,2012,Domestic/Public Use,122.5
Moldova,2013,Domestic/Public Use,116.7
Moldova,2014,Domestic/Public Use,115.1
Moldova,2015,Domestic/Public Use,123.5
Moldova,2016,Domestic/Public Use,131.6
Moldova,2017,Domestic/Public Use,131.2
Moldova,2018,Domestic/Public Use,131.3
Moldova,2019,Domestic/Public Use,133.3
Moldova,2020,Domestic/Public Use,134.7
Moldova,2021,Domestic/Public Use,131.0
Netherlands,1970,Domestic/Public Use,1463.0
Netherlands,1970,Energy Production,3.0
Netherlands,1970,Industry,439.0
Netherlands,1975,Agriculture,62.5
Netherlands,1975,Domestic/Public Use,1666.0
Netherlands,1975,Energy Production,2.0
Netherlands,1975,Industry,404.0
Netherlands,1980,Agriculture,53.08
Netherlands,1980,Domestic/Public Use,1594.0
Netherlands,1980,Energy Production,2.0
Netherlands,1980,Industry,345.0
Netherlands,1980,Services,201.0
Netherlands,1985,Agriculture,58.5
Netherlands,1985,Domestic/Public Use,1742.0
Netherlands,1985,Energy Production,2.0
Netherlands,1985,Industry,385.0
Netherlands,1985,Services,249.0
Netherlands,1989,Agriculture,89.0
Netherlands,1990,Agriculture,96.0
Netherlands,1990,Domestic/Public Use,1927.0
Netherlands,1990,Energy Production,4.0
Netherlands,1990,Industry,670.0
Netherlands,1990,Services,197.0
Netherlands,1991,Agriculture,103.0
Netherlands,1991,Domestic/Public Use,1927.0
Netherlands,1991,Energy Production,4.0
Netherlands,1991,Industry,449.0
Netherlands,1991,Services,293.0
Netherlands,1992,Agriculture,101.0
Netherlands,1992,Domestic/Public Use,1288.0
Netherlands,1993,Agriculture,94.0
Netherlands,1993,Domestic/Public Use,1255.0
Netherlands,1994,Agriculture,94.0
Netherlands,1994,Domestic/Public Use,1280.0
Netherlands,1995,Agriculture,88.0
Netherlands,1995,Domestic/Public Use,1954.8
Netherlands,1996,Agriculture,81.0
Netherlands,1996,Domestic/Public Use,1981.0
Netherlands,1996,Energy Production,3.3
Netherlands,1996,Industry,449.3
Netherlands,1996,Services,199.0
Netherlands,1997,Agriculture,67.0
Netherlands,1997,Domestic/Public Use,1982.5
Netherlands,1998,Agriculture,60.0
Netherlands,1998,Domestic/Public Use,1975.2
Netherlands,1999,Agriculture,57.0
Netherlands,1999,Domestic/Public Use,2011.0
Netherlands,2000,Domestic/Public Use,1933.5900000000001
Netherlands,2001,Agriculture,51.7
Netherlands,2001,Domestic/Public Use,1913.96
Netherlands,2001,Energy Production,2.3
Netherlands,2001,Industry,603.0699999999999
Netherlands,2002,Agriculture,49.3
Netherlands,2002,Domestic/Public Use,1900.78
Netherlands,2003,Agriculture,57.6
Netherlands,2003,Domestic/Public Use,1947.5
Netherlands,2003,Energy Production,5.1
Netherlands,2003,Industry,474.9
Netherlands,2003,Services,91.3
Netherlands,2004,Agriculture,49.9
Netherlands,2004,Domestic/Public Use,1895.2
Netherlands,2004,Energy Production,2.3
Netherlands,2004,Industry,463.5
Netherlands,2004,Services,91.0
Netherlands,2005,Agriculture,47.6
Netherlands,2005,Domestic/Public Use,1876.5
Netherlands,2005,Energy Production,2.3
Netherlands,2005,Industry,448.9
Netherlands,2005,Services,91.4
Netherlands,2006,Agriculture,46.5
Netherlands,2006,Domestic/Public Use,1898.7
Netherlands,2006,Energy Production,2.5
Netherlands,2006,Industry,451.0
Netherlands,2006,Services,93.0
Netherlands,2007,Agriculture,46.0
Netherlands,2007,Domestic/Public Use,1877.5
Netherlands,2007,Energy Production,3.1
Netherlands,2007,Industry,450.1
Netherlands,2007,Services,95.1
Netherlands,2008,Agriculture,44.3
Netherlands,2008,Domestic/Public Use,1881.5
Netherlands,2008,Energy Production,4.0
Netherlands,2008,Industry,457.0
Netherlands,2008,Services,99.0
Netherlands,2009,Agriculture,47.2
Netherlands,2009,Domestic/Public Use,1880.9
Netherlands,2009,Energy Production,5.6
Netherlands,2009,Industry,444.9
Netherlands,2009,Services,99.7
Netherlands,2010,Agriculture,43.8
Netherlands,2010,Domestic/Public Use,1875.8
Netherlands,2010,Energy Production,8.3
Netherlands,2010,Industry,441.4
Netherlands,2010,Services,100.8
Netherlands,2011,Agriculture,42.7
Netherlands,2011,Domestic/Public Use,1862.1
Netherlands,2011,Energy Production,9.2
Netherlands,2011,Industry,427.8
Netherlands,2011,Services,101.6
Netherlands,2012,Agriculture,39.3
Netherlands,2012,Domestic/Public Use,1853.4
Netherlands,2012,Energy Production,3.1
Netherlands,2012,Industry,414.4
Netherlands,2012,Services,102.2
Netherlands,2013,Agriculture,41.0
Netherlands,2013,Domestic/Public Use,1861.3
Netherlands,2013,Energy Production,3.7
Netherlands,2013,Industry,424.59999999999997
Netherlands,2013,Services,101.5
Netherlands,2014,Agriculture,41.9
Netherlands,2014,Domestic/Public Use,1851.2
Netherlands,2014,Energy Production,3.0
Netherlands,2014,Industry,405.7
Netherlands,2014,Services,101.5
Netherlands,2015,Agriculture,42.7
Netherlands,2015,Domestic/Public Use,1874.4
Netherlands,2015,Energy Production,3.5
Netherlands,2015,Industry,401.9
Netherlands,2015,Services,104.1
Netherlands,2016,Agriculture,43.6
Netherlands,2016,Domestic/Public Use,1900.51
Netherlands,2016,Energy Production,3.7
Netherlands,2016,Industry,402.31
Netherlands,2016,Services,105.5
Netherlands,2017,Agriculture,48.37
Netherlands,2017,Domestic/Public Use,1909.69
Netherlands,2017,Energy Production,3.5
Netherlands,2017,Industry,426.02
Netherlands,2017,Services,96.1
Netherlands,2018,Agriculture,48.89
Netherlands,2018,Domestic/Public Use,1977.19
Netherlands,2018,Energy Production,3.46
Netherlands,2018,Industry,415.77
Netherlands,2018,Services,107.8
Netherlands,2019,Agriculture,43.8
Netherlands,2019,Domestic/Public Use,1945.9
Netherlands,2019,Energy Production,4.3
Netherlands,2019,Industry,453.9
Netherlands,2019,Services,105.4
Netherlands,2020,Agriculture,41.9
Netherlands,2020,Domestic/Public Use,2013.8999999999999
Netherlands,2020,Energy Production,2.6
Netherlands,2020,Industry,439.6
Netherlands,2020,Services,107.1
Netherlands,2021,Agriculture,40.6
Netherlands,2021,Domestic/Public Use,1936.9
Netherlands,2021,Energy Production,3.8
Netherlands,2021,Industry,471.9
Netherlands,2021,Services,106.9
Norway,1985,Domestic/Public Use,426.0
Norway,1985,Industry,71.0
Norway,1985,Services,41.0
Norway,1990,Domestic/Public Use,300.0
Norway,1990,Industry,75.0
Norway,1994,Domestic/Public Use,861.0
Norway,1994,Industry,105.0
Norway,1994,Services,148.0
Norway,1996,Domestic/Public Use,289.0
Norway,1996,Services,129.0
Norway,1998,Domestic/Public Use,293.0
Norway,1999,Domestic/Public Use,295.0
Norway,1999,Industry,833.0
Norway,2000,Domestic/Public Use,297.0
Norway,2000,Industry,0.6
Norway,2001,Domestic/Public Use,298.0
Norway,2001,Industry,0.7
Norway,2002,Domestic/Public Use,299.0
Norway,2003,Domestic/Public Use,301.0
Norway,2003,Industry,181.0
Norway,2004,Domestic/Public Use,336.2
Norway,2004,Industry,30.5
Norway,2004,Services,95.5
Norway,2005,Domestic/Public Use,346.5
Norway,2005,Industry,395.5
Norway,2005,Services,108.3
Norway,2006,Domestic/Public Use,358.8
Norway,2006,Industry,381.8
Norway,2006,Services,108.8
Norway,2007,Domestic/Public Use,363.1
Norway,2007,Industry,412.1
Norway,2007,Services,107.9
Norway,2008,Domestic/Public Use,367.9
Norway,2008,Industry,397.8
Norway,2008,Services,111.3
Norway,2009,Domestic/Public Use,372.4
Norway,2009,Industry,369.3
Norway,2009,Services,118.6
Norway,2015,Agriculture,25.7997
Norway,2015,Domestic/Public Use,898.9585
Norway,2015,Industry,93.52393
Norway,2015,Services,52.40565
Norway,2016,Agriculture,25.26984
Norway,2016,Domestic/Public Use,880.496
Norway,2016,Industry,89.23412
Norway,2016,Services,53.69841
Norway,2017,Agriculture,24.38425
Norway,2017,Domestic/Public Use,884.9122
Norway,2017,Industry,88.09793
Norway,2017,Services,53.48803
Norway,2018,Agriculture,26.70581
Norway,2018,Domestic/Public Use,940.5451
Norway,2018,Industry,96.80856
Norway,2018,Services,59.25351
Norway,2019,Agriculture,24.87768
Norway,2019,Domestic/Public Use,897.2014999999999
Norway,2019,Industry,93.09068
Norway,2019,Services,56.97791
Norway,2020,Agriculture,24.39012
Norway,2020,Domestic/Public Use,882.7650000000001
Norway,2020,Industry,90.47948
Norway,2020,Services,55.07446
Norway,2021,Agriculture,23.1335
Norway,2021,Domestic/Public Use,880.6684
Norway,2021,Industry,91.7363
Norway,2021,Services,51.05324
Norway,2022,Agriculture,23.08601
Norway,2022,Domestic/Public Use,870.3426
Norway,2022,Industry,90.03545
Norway,2022,Services,52.32829
Poland,1970,Domestic/Public Use,1951.9
Poland,1970,Industry,576.4
Poland,1975,Domestic/Public Use,2884.4
Poland,1975,Industry,533.0
Poland,1980,Domestic/Public Use,3909.1
Poland,1980,Industry,639.8
Poland,1985,Domestic/Public Use,4256.2
Poland,1985,Industry,559.0
Poland,1990,Domestic/Public Use,4322.5
Poland,1990,Industry,445.8
Poland,1991,Domestic/Public Use,4097.0
Poland,1991,Industry,375.0
Poland,1992,Domestic/Public Use,4118.700000000001
Poland,1992,Industry,272.9
Poland,1993,Domestic/Public Use,3956.5
Poland,1993,Energy Production,10.1
Poland,1993,Industry,307.1
Poland,1994,Domestic/Public Use,4056.0
Poland,1994,Energy Production,9.0
Poland,1994,Industry,358.5
Poland,1994,Services,254.8
Poland,1995,Domestic/Public Use,3815.6000000000004
Poland,1995,Energy Production,10.6
Poland,1995,Industry,160.0
Poland,1995,Services,232.5
Poland,1996,Domestic/Public Use,3629.4
Poland,1996,Energy Production,9.9
Poland,1996,Industry,103.5
Poland,1996,Services,223.4
Poland,1997,Domestic/Public Use,3503.8
Poland,1997,Energy Production,9.6
Poland,1997,Industry,114.80000000000001
Poland,1997,Services,203.8
Poland,1998,Domestic/Public Use,3346.8
Poland,1998,Energy Production,8.0
Poland,1998,Industry,83.2
Poland,1998,Services,187.5
Poland,1999,Domestic/Public Use,3255.9
Poland,1999,Energy Production,9.6
Poland,1999,Industry,72.0
Poland,1999,Services,119.3
Poland,2000,Domestic/Public Use,3114.3999999999996
Poland,2000,Energy Production,12.0
Poland,2000,Industry,102.0
Poland,2000,Services,127.9
Poland,2001,Domestic/Public Use,2981.7
Poland,2001,Energy Production,11.4
Poland,2001,Industry,88.2
Poland,2001,Services,122.0
Poland,2002,Domestic/Public Use,2910.8999999999996
Poland,2002,Energy Production,9.9
Poland,2002,Industry,78.8
Poland,2002,Services,115.9
Poland,2003,Domestic/Public Use,2925.6
Poland,2003,Energy Production,10.8
Poland,2003,Industry,75.6
Poland,2003,Services,185.1
Poland,2004,Domestic/Public Use,2828.8999999999996
Poland,2004,Energy Production,10.9
Poland,2004,Industry,81.4
Poland,2004,Services,172.2
Poland,2005,Domestic/Public Use,2806.4
Poland,2005,Energy Production,12.1
Poland,2005,Industry,82.2
Poland,2005,Services,170.0
Poland,2006,Domestic/Public Use,2825.4
Poland,2006,Energy Production,11.8
Poland,2006,Industry,77.3
Poland,2006,Services,175.9
Poland,2007,Domestic/Public Use,2773.5
Poland,2007,Energy Production,12.3
Poland,2007,Industry,80.2
Poland,2007,Services,171.0
Poland,2008,Domestic/Public Use,2792.8
Poland,2008,Energy Production,10.5
Poland,2008,Industry,61.3
Poland,2008,Services,175.7
Poland,2009,Domestic/Public Use,2738.8
Poland,2009,Energy Production,9.6
Poland,2009,Industry,56.2
Poland,2009,Services,174.5
Poland,2010,Domestic/Public Use,2739.0
Poland,2010,Energy Production,8.6
Poland,2010,Industry,56.5
Poland,2010,Services,171.7
Poland,2011,Domestic/Public Use,2746.7
Poland,2011,Energy Production,9.4
Poland,2011,Industry,58.199999999999996
Poland,2011,Services,168.0
Poland,2012,Domestic/Public Use,2739.6
Poland,2012,Energy Production,8.6
Poland,2012,Industry,56.9
Poland,2012,Services,165.6
Poland,2013,Domestic/Public Use,2712.8999999999996
Poland,2013,Energy Production,8.7
Poland,2013,Industry,59.1
Poland,2013,Services,158.5
Poland,2014,Domestic/Public Use,2733.0
Poland,2014,Energy Production,7.0
Poland,2014,Industry,80.2
Poland,2014,Services,159.6
Poland,2015,Domestic/Public Use,2831.6
Poland,2015,Energy Production,5.4
Poland,2015,Industry,71.89999999999999
Poland,2015,Services,160.8
Poland,2016,Agriculture,0.535
Poland,2016,Domestic/Public Use,2835.0280000000002
Poland,2016,Energy Production,6.0
Poland,2016,Industry,65.689
Poland,2016,Services,160.603
Poland,2017,Agriculture,0.587
Poland,2017,Domestic/Public Use,2808.1769999999997
Poland,2017,Energy Production,6.005
Poland,2017,Industry,67.248
Poland,2017,Services,160.894
Poland,2018,Agriculture,0.553
Poland,2018,Domestic/Public Use,2946.559
Poland,2018,Energy Production,3.582
Poland,2018,Industry,67.859
Poland,2018,Services,172.875
Poland,2019,Agriculture,0.85
Poland,2019,Domestic/Public Use,2968.33
Poland,2019,Energy Production,3.99
Poland,2019,Industry,67.27
Poland,2019,Services,172.67
Poland,2020,Agriculture,0.67
Poland,2020,Domestic/Public Use,2936.15
Poland,2020,Energy Production,1.5
Poland,2020,Industry,78.78999999999999
Poland,2020,Services,157.66
Poland,2021,Agriculture,0.88
Poland,2021,Domestic/Public Use,2912.58
Poland,2021,Energy Production,2.11
Poland,2021,Industry,83.0
Poland,2021,Services,166.35
Poland,2022,Agriculture,0.71
Poland,2022,Domestic/Public Use,2947.96
Poland,2022,Energy Production,2.27
Poland,2022,Industry,97.75
Poland,2022,Services,181.31
Portugal,1980,Domestic/Public Use,302.6
Portugal,1980,Industry,56.3
Portugal,1985,Industry,45.2
Portugal,1989,Domestic/Public Use,961.0
Portugal,1989,Industry,48.0
Portugal,1989,Services,76.0
Portugal,1994,Domestic/Public Use,350.0
Portugal,1994,Services,40.0
Portugal,1998,Agriculture,6550.9
Portugal,1998,Domestic/Public Use,9433.6
Portugal,2005,Agriculture,1.1
Portugal,2005,Domestic/Public Use,1017.9
Portugal,2005,Industry,16.2
Portugal,2005,Services,27.1
Portugal,2006,Agriculture,1.2
Portugal,2006,Domestic/Public Use,1076.7
Portugal,2006,Industry,15.6
Portugal,2006,Services,26.1
Portugal,2007,Agriculture,0.9
Portugal,2007,Domestic/Public Use,1209.4
Portugal,2007,Industry,16.4
Portugal,2007,Services,13.2
Portugal,2008,Agriculture,1.1
Portugal,2008,Domestic/Public Use,1258.7
Portugal,2008,Industry,8.8
Portugal,2008,Services,13.7
Portugal,2009,Agriculture,0.7
Portugal,2009,Domestic/Public Use,1337.5
Portugal,2009,Industry,17.1
Portugal,2009,Services,10.8
Portugal,2011,Domestic/Public Use,688.2112
Portugal,2012,Domestic/Public Use,628.137
Portugal,2013,Domestic/Public Use,643.2287
Portugal,2014,Domestic/Public Use,641.0874
Portugal,2015,Domestic/Public Use,658.5158
Portugal,2016,Domestic/Public Use,664.8439
Portugal,2017,Domestic/Public Use,683.399
Portugal,2018,Domestic/Public Use,662.5607
Portugal,2019,Domestic/Public Use,672.6337
Romania,1975,Domestic/Public Use,1950.0
Romania,1980,Domestic/Public Use,2190.0
Romania,1985,Domestic/Public Use,3609.0
Romania,1990,Domestic/Public Use,4373.0
Romania,1991,Domestic/Public Use,2851.0
Romania,1992,Domestic/Public Use,2867.0
Romania,1993,Domestic/Public Use,2730.0
Romania,1994,Domestic/Public Use,2420.0
Romania,1995,Domestic/Public Use,4310.0
Romania,1996,Domestic/Public Use,4236.0
Romania,1997,Domestic/Public Use,4241.0
Romania,1998,Domestic/Public Use,4097.0
Romania,1999,Domestic/Public Use,3958.0
Romania,2000,Domestic/Public Use,3715.0
Romania,2001,Domestic/Public Use,3450.0
Romania,2002,Domestic/Public Use,3036.0
Romania,2003,Domestic/Public Use,2703.0
Romania,2004,Domestic/Public Use,2317.0
Romania,2005,Domestic/Public Use,2232.0
Romania,2012,Agriculture,3.1
Romania,2012,Domestic/Public Use,1470.9
Romania,2012,Energy Production,8.7
Romania,2012,Industry,185.4
Romania,2012,Services,78.3
Romania,2013,Agriculture,1.4
Romania,2013,Domestic/Public Use,1562.9
Romania,2013,Energy Production,5.6
Romania,2013,Industry,272.3
Romania,2013,Services,114.3
Romania,2014,Agriculture,5.6
Romania,2014,Domestic/Public Use,1354.7
Romania,2014,Energy Production,4.3
Romania,2014,Industry,246.4
Romania,2014,Services,111.4
Romania,2015,Agriculture,1.6
Romania,2015,Domestic/Public Use,1273.1
Romania,2015,Energy Production,4.2
Romania,2015,Industry,203.2
Romania,2015,Services,70.5
Romania,2016,Agriculture,2.1
Romania,2016,Domestic/Public Use,1236.0
Romania,2016,Energy Production,4.2
Romania,2016,Industry,129.4
Romania,2016,Services,102.0
Romania,2017,Agriculture,1.9
Romania,2017,Domestic/Public Use,1271.0
Romania,2017,Energy Production,4.0
Romania,2017,Industry,146.0
Romania,2017,Services,92.0
Romania,2018,Agriculture,2.0
Romania,2018,Domestic/Public Use,1274.0
Romania,2018,Energy Production,4.7
Romania,2018,Industry,147.6
Romania,2018,Services,92.3
Romania,2019,Agriculture,1.9
Romania,2019,Domestic/Public Use,1315.6
Romania,2019,Energy Production,4.2
Romania,2019,Industry,154.9
Romania,2019,Services,89.9
Romania,2020,Agriculture,2.0
Romania,2020,Domestic/Public Use,1459.0
Romania,2020,Energy Production,4.0
Romania,2020,Industry,181.0
Romania,2020,Services,90.0
Romania,2021,Agriculture,2.0
Romania,2021,Domestic/Public Use,1374.0
Romania,2021,Energy Production,7.0
Romania,2021,Industry,143.0
Romania,2021,Services,84.0
Romania,2022,Agriculture,1.62
Romania,2022,Domestic/Public Use,1475.4267
Romania,2022,Energy Production,7.0628
Romania,2022,Industry,160.197
Romania,2022,Services,95.1411
Slovenia,1980,Domestic/Public Use,220.1
Slovenia,1980,Industry,99.9
Slovenia,1985,Domestic/Public Use,234.39999999999998
Slovenia,1985,Industry,83.0
Slovenia,1989,Domestic/Public Use,176.7
Slovenia,1989,Industry,85.5
Slovenia,1990,Domestic/Public Use,252.3
Slovenia,1990,Industry,79.8
Slovenia,1991,Domestic/Public Use,247.5
Slovenia,1991,Industry,76.7
Slovenia,1992,Domestic/Public Use,226.7
Slovenia,1992,Industry,66.0
Slovenia,1993,Domestic/Public Use,231.1
Slovenia,1993,Industry,62.1
Slovenia,1994,Domestic/Public Use,240.10000000000002
Slovenia,1994,Industry,56.6
Slovenia,1995,Domestic/Public Use,229.3
Slovenia,1995,Industry,56.3
Slovenia,1996,Domestic/Public Use,194.0
Slovenia,1996,Industry,24.400000000000002
Slovenia,1997,Domestic/Public Use,194.39999999999998
Slovenia,1997,Industry,23.2
Slovenia,1998,Domestic/Public Use,196.6
Slovenia,1998,Energy Production,0.8
Slovenia,1998,Industry,48.0
Slovenia,1999,Domestic/Public Use,200.4
Slovenia,1999,Energy Production,0.8
Slovenia,1999,Industry,51.400000000000006
Slovenia,2000,Domestic/Public Use,196.2
Slovenia,2000,Energy Production,0.7
Slovenia,2000,Industry,59.0
Slovenia,2001,Domestic/Public Use,194.2
Slovenia,2001,Energy Production,0.8
Slovenia,2001,Industry,54.5
Slovenia,2002,Agriculture,1.0
Slovenia,2002,Domestic/Public Use,214.5
Slovenia,2002,Energy Production,0.6
Slovenia,2002,Industry,65.0
Slovenia,2002,Services,6.1
Slovenia,2003,Agriculture,5.8
Slovenia,2003,Domestic/Public Use,219.8
Slovenia,2003,Energy Production,0.6
Slovenia,2003,Industry,49.8
Slovenia,2003,Services,6.2
Slovenia,2004,Agriculture,4.6
Slovenia,2004,Domestic/Public Use,208.7
Slovenia,2004,Energy Production,0.6
Slovenia,2004,Industry,47.9
Slovenia,2004,Services,7.0
Slovenia,2005,Agriculture,4.9
Slovenia,2005,Domestic/Public Use,204.1
Slovenia,2005,Energy Production,0.4
Slovenia,2005,Industry,46.7
Slovenia,2005,Services,8.3
Slovenia,2006,Domestic/Public Use,86.11
Slovenia,2006,Industry,26.53
Slovenia,2007,Domestic/Public Use,88.06
Slovenia,2007,Industry,24.64
Slovenia,2008,Domestic/Public Use,210.65
Slovenia,2008,Industry,23.2
Slovenia,2009,Domestic/Public Use,203.43
Slovenia,2009,Industry,19.49
Slovenia,2010,Domestic/Public Use,85.0
Slovenia,2010,Industry,19.2
Slovenia,2011,Domestic/Public Use,83.44
Slovenia,2011,Industry,17.78
Slovenia,2012,Agriculture,1.9
Slovenia,2012,Domestic/Public Use,200.4
Slovenia,2012,Energy Production,0.3
Slovenia,2012,Industry,30.0
Slovenia,2012,Services,16.0
Slovenia,2013,Agriculture,1.8
Slovenia,2013,Domestic/Public Use,186.8
Slovenia,2013,Energy Production,0.2
Slovenia,2013,Industry,27.3
Slovenia,2013,Services,18.5
Slovenia,2014,Agriculture,3.14
Slovenia,2014,Domestic/Public Use,188.67
Slovenia,2014,Energy Production,0.2
Slovenia,2014,Industry,27.75
Slovenia,2014,Services,19.6
Slovenia,2015,Agriculture,3.13
Slovenia,2015,Domestic/Public Use,190.5
Slovenia,2015,Energy Production,0.2
Slovenia,2015,Industry,28.14
Slovenia,2015,Services,20.8
Slovenia,2016,Agriculture,2.4
Slovenia,2016,Domestic/Public Use,190.60000000000002
Slovenia,2016,Energy Production,0.2
Slovenia,2016,Industry,27.9
Slovenia,2016,Services,21.8
Slovenia,2017,Agriculture,2.4
Slovenia,2017,Domestic/Public Use,195.6
Slovenia,2017,Energy Production,0.2
Slovenia,2017,Industry,29.7
Slovenia,2017,Services,25.1
Slovenia,2018,Agriculture,1.82
Slovenia,2018,Domestic/Public Use,195.84199999999998
Slovenia,2018,Energy Production,0.112
Slovenia,2018,Industry,29.247
Slovenia,2018,Services,25.2
Slovenia,2019,Agriculture,2.45
Slovenia,2019,Domestic/Public Use,196.89
Slovenia,2019,Energy Production,0.21
Slovenia,2019,Industry,32.39
Slovenia,2019,Services,24.18
Slovenia,2020,Agriculture,2.45
Slovenia,2020,Domestic/Public Use,202.85
Slovenia,2020,Energy Production,0.13
Slovenia,2020,Industry,32.6312459
Slovenia,2020,Services,20.3
Slovenia,2021,Agriculture,2.53
Slovenia,2021,Domestic/Public Use,205.63
Slovenia,2021,Energy Production,0.13
Slovenia,2021,Industry,33.24
Slovenia,2021,Services,21.9
Slovenia,2022,Agriculture,2.5
Slovenia,2022,Domestic/Public Use,209.06
Slovenia,2022,Energy Production,0.1
Slovenia,2022,Industry,33.93
Slovenia,2022,Services,24.05
Spain,1970,Domestic/Public Use,1100.0
Spain,1970,Industry,200.0
Spain,1980,Domestic/Public Use,1740.0
Spain,1980,Industry,240.0
Spain,1985,Domestic/Public Use,1980.0
Spain,1985,Industry,250.0
Spain,1997,Agriculture,340.2
Spain,1997,Domestic/Public Use,5629.5
Spain,1997,Energy Production,41.0
Spain,1997,Industry,825.1
Spain,1997,Services,670.0
Spain,1998,Agriculture,353.8
Spain,1998,Domestic/Public Use,6028.6
Spain,1998,Energy Production,43.1
Spain,1998,Industry,856.0
Spain,1998,Services,717.2
Spain,1999,Agriculture,362.3
Spain,1999,Domestic/Public Use,6280.6
Spain,1999,Energy Production,45.0
Spain,1999,Industry,878.5
Spain,1999,Services,741.7
Spain,2000,Agriculture,49.8
Spain,2000,Domestic/Public Use,6117.1
Spain,2000,Energy Production,0.0
Spain,2000,Industry,1221.1
Spain,2000,Services,678.6
Spain,2001,Agriculture,51.3
Spain,2001,Domestic/Public Use,6233.4
Spain,2001,Energy Production,0.0
Spain,2001,Industry,1253.4
Spain,2001,Services,728.9
Spain,2002,Agriculture,74.2
Spain,2002,Domestic/Public Use,6196.1
Spain,2002,Energy Production,0.0
Spain,2002,Industry,1289.2
Spain,2002,Services,709.9
Spain,2003,Agriculture,66.5
Spain,2003,Domestic/Public Use,6468.8
Spain,2003,Energy Production,0.0
Spain,2003,Industry,1395.0
Spain,2003,Services,712.8
Spain,2004,Agriculture,57.5
Spain,2004,Domestic/Public Use,6605.5
Spain,2004,Energy Production,0.0
Spain,2004,Industry,1452.7
Spain,2004,Services,642.5
Spain,2005,Agriculture,49.4
Spain,2005,Domestic/Public Use,6536.6
Spain,2005,Energy Production,0.0
Spain,2005,Industry,1434.1
Spain,2005,Services,641.8
Spain,2006,Agriculture,53.2
Spain,2006,Domestic/Public Use,6399.7
Spain,2006,Energy Production,0.0
Spain,2006,Industry,1404.3
Spain,2006,Services,630.5
Spain,2007,Agriculture,62.7
Spain,2007,Domestic/Public Use,6935.3
Spain,2007,Energy Production,0.0
Spain,2007,Industry,1272.0
Spain,2007,Services,671.4
Spain,2008,Agriculture,61.3
Spain,2008,Domestic/Public Use,6784.3
Spain,2008,Energy Production,0.0
Spain,2008,Industry,1062.7
Spain,2008,Services,719.0
Spain,2009,Agriculture,58.6
Spain,2009,Domestic/Public Use,6711.4
Spain,2009,Energy Production,0.0
Spain,2009,Industry,1036.8
Spain,2009,Services,600.3
Spain,2010,Agriculture,54.1
Spain,2010,Domestic/Public Use,6465.0
Spain,2010,Energy Production,28.5
Spain,2010,Industry,1056.1
Spain,2010,Services,555.6
Spain,2011,Agriculture,37.33
Spain,2011,Domestic/Public Use,6311.369000000001
Spain,2011,Energy Production,31.4
Spain,2011,Industry,1011.6
Spain,2011,Services,792.643
Spain,2012,Agriculture,34.077
Spain,2012,Domestic/Public Use,6289.568
Spain,2012,Energy Production,31.5
Spain,2012,Industry,1004.7
Spain,2012,Services,868.601
Spain,2013,Agriculture,22.816
Spain,2013,Domestic/Public Use,6067.76
Spain,2013,Energy Production,29.3
Spain,2013,Industry,998.4
Spain,2013,Services,847.51
Spain,2014,Agriculture,25.458
Spain,2014,Domestic/Public Use,6051.818
Spain,2014,Energy Production,34.9
Spain,2014,Industry,989.5
Spain,2014,Services,812.156
Spain,2015,Agriculture,23.089
Spain,2015,Domestic/Public Use,6087.076
Spain,2015,Energy Production,28.7
Spain,2015,Industry,1014.607
Spain,2015,Services,792.52
Spain,2016,Agriculture,20.72
Spain,2016,Domestic/Public Use,6123.83
Spain,2016,Energy Production,26.5
Spain,2016,Industry,1009.08
Spain,2016,Services,775.65
Spain,2017,Agriculture,21.8
Spain,2017,Domestic/Public Use,6058.799999999999
Spain,2017,Energy Production,25.1
Spain,2017,Industry,1064.1
Spain,2017,Services,714.9
Spain,2018,Agriculture,22.8
Spain,2018,Domestic/Public Use,6019.2
Spain,2018,Energy Production,24.8
Spain,2018,Industry,1070.6
Spain,2018,Services,695.0
Spain,2019,Agriculture,17.5
Spain,2019,Domestic/Public Use,5757.7
Spain,2019,Energy Production,22.3
Spain,2019,Industry,1038.7
Spain,2019,Services,672.0
Spain,2020,Agriculture,16.8
Spain,2020,Domestic/Public Use,5523.0
Spain,2020,Energy Production,21.8
Spain,2020,Industry,1058.7
Spain,2020,Services,665.0
Sweden,1970,Domestic/Public Use,1268.0
Sweden,1970,Industry,171.0
Sweden,1970,Services,99.0
Sweden,1975,Domestic/Public Use,1322.0
Sweden,1975,Industry,158.0
Sweden,1975,Services,118.0
Sweden,1980,Domestic/Public Use,1260.0
Sweden,1980,Industry,134.0
Sweden,1980,Services,134.0
Sweden,1985,Domestic/Public Use,1264.0
Sweden,1985,Industry,117.0
Sweden,1985,Services,117.0
Sweden,1989,Domestic/Public Use,1261.0
Sweden,1989,Industry,118.0
Sweden,1989,Services,118.0
Sweden,1990,Agriculture,0.0
Sweden,1990,Domestic/Public Use,1289.0
Sweden,1990,Industry,234.0
Sweden,1990,Services,98.0
Sweden,1991,Domestic/Public Use,1286.0
Sweden,1991,Industry,116.0
Sweden,1991,Services,106.0
Sweden,1992,Domestic/Public Use,1316.0
Sweden,1992,Industry,106.0
Sweden,1992,Services,106.0
Sweden,1993,Domestic/Public Use,1321.0
Sweden,1993,Industry,104.0
Sweden,1993,Services,95.0
Sweden,1994,Domestic/Public Use,1277.0
Sweden,1994,Industry,96.0
Sweden,1994,Services,95.0
Sweden,1995,Agriculture,0.0
Sweden,1995,Domestic/Public Use,1265.0
Sweden,1995,Industry,284.0
Sweden,1995,Services,103.0
Sweden,1996,Domestic/Public Use,1265.0
Sweden,1996,Industry,94.0
Sweden,1996,Services,103.0
Sweden,1997,Domestic/Public Use,1246.0
Sweden,1997,Industry,102.0
Sweden,1997,Services,92.0
Sweden,1998,Domestic/Public Use,1246.0
Sweden,1998,Industry,102.0
Sweden,1998,Services,92.0
Sweden,1999,Domestic/Public Use,1246.0
Sweden,1999,Industry,102.0
Sweden,1999,Services,92.0
Sweden,2000,Agriculture,0.0
Sweden,2000,Domestic/Public Use,1234.0
Sweden,2000,Industry,271.0
Sweden,2000,Services,92.0
Sweden,2005,Agriculture,0.0
Sweden,2005,Domestic/Public Use,1215.0
Sweden,2005,Industry,353.0
Sweden,2005,Services,111.0
Sweden,2010,Agriculture,0.0
Sweden,2010,Domestic/Public Use,1216.0
Sweden,2010,Energy Production,7.0
Sweden,2010,Industry,329.0
Sweden,2010,Services,122.0
Sweden,2015,Agriculture,0.0
Sweden,2015,Domestic/Public Use,1178.0
Sweden,2015,Energy Production,7.0
Sweden,2015,Industry,169.0
Sweden,2015,Services,140.0
Sweden,2020,Agriculture,0.0
Sweden,2020,Domestic/Public Use,1193.0
Sweden,2020,Energy Production,8.0
Sweden,2020,Industry,202.0
Sweden,2020,Services,132.0
Switzerland,1975,Domestic/Public Use,1129.0
Switzerland,1980,Domestic/Public Use,1635.0
Switzerland,1980,Industry,306.0
Switzerland,1980,Services,75.0
Switzerland,1985,Domestic/Public Use,1761.0
Switzerland,1985,Industry,251.0
Switzerland,1985,Services,82.0
Switzerland,1989,Domestic/Public Use,1849.0
Switzerland,1989,Industry,205.0
Switzerland,1989,Services,127.0
Switzerland,1990,Domestic/Public Use,1800.0
Switzerland,1990,Industry,271.0
Switzerland,1990,Services,103.0
Switzerland,1991,Domestic/Public Use,1848.0
Switzerland,1991,Industry,270.0
Switzerland,1991,Services,96.0
Switzerland,1992,Domestic/Public Use,1892.0
Switzerland,1992,Industry,229.0
Switzerland,1992,Services,95.0
Switzerland,1993,Domestic/Public Use,1684.0
Switzerland,1993,Industry,202.0
Switzerland,1993,Services,103.0
Switzerland,1994,Domestic/Public Use,1725.0
Switzerland,1994,Industry,215.0
Switzerland,1994,Services,101.0
Switzerland,1995,Domestic/Public Use,1678.1
Switzerland,1995,Industry,217.5
Switzerland,1995,Services,91.2
Switzerland,1996,Domestic/Public Use,1668.8000000000002
Switzerland,1996,Industry,188.0
Switzerland,1996,Services,98.9
Switzerland,1997,Domestic/Public Use,1704.8
Switzerland,1997,Industry,178.2
Switzerland,1997,Services,91.0
Switzerland,1998,Domestic/Public Use,1713.0
Switzerland,1998,Industry,185.2
Switzerland,1998,Services,91.0
Switzerland,1999,Domestic/Public Use,1698.4
Switzerland,1999,Industry,178.3
Switzerland,1999,Services,89.3
Switzerland,2000,Domestic/Public Use,1582.0
Switzerland,2001,Domestic/Public Use,1566.0
Switzerland,2002,Domestic/Public Use,1602.0
Switzerland,2003,Domestic/Public Use,1670.0
Switzerland,2004,Domestic/Public Use,1537.0
Switzerland,2005,Domestic/Public Use,1539.0
Switzerland,2006,Domestic/Public Use,1490.0
Switzerland,2007,Domestic/Public Use,1468.0
Switzerland,2008,Domestic/Public Use,1461.0
Switzerland,2009,Domestic/Public Use,1414.0
Switzerland,2010,Domestic/Public Use,1376.0
Switzerland,2011,Domestic/Public Use,1377.0
Switzerland,2012,Agriculture,41.2
Switzerland,2012,Domestic/Public Use,1352.0
Switzerland,2012,Energy Production,0.0
Switzerland,2012,Industry,236.4
Switzerland,2012,Services,141.8
Switzerland,2013,Domestic/Public Use,1322.0
Switzerland,2014,Domestic/Public Use,1294.0
Switzerland,2015,Domestic/Public Use,1329.0
Switzerland,2016,Domestic/Public Use,1321.0
Switzerland,2017,Domestic/Public Use,1326.0
Switzerland,2018,Domestic/Public Use,1349.0
Switzerland,2019,Domestic/Public Use,1327.0
Switzerland,2020,Domestic/Public Use,1352.0
Switzerland,2021,Domestic/Public Use,1316.0
Switzerland,2022,Domestic/Public Use,1340.0
Ukraine,1990,Domestic/Public Use,7985.0
Ukraine,1995,Domestic/Public Use,8615.0
Ukraine,1996,Domestic/Public Use,8150.0
Ukraine,1997,Domestic/Public Use,7570.0
Ukraine,1998,Domestic/Public Use,7393.0
Ukraine,1999,Domestic/Public Use,7195.0
Ukraine,2000,Domestic/Public Use,6747.0
Ukraine,2001,Domestic/Public Use,6265.0
Ukraine,2002,Domestic/Public Use,5985.0
Ukraine,2003,Domestic/Public Use,5628.0
Ukraine,2004,Domestic/Public Use,5297.0
Ukraine,2005,Domestic/Public Use,5205.0
Ukraine,2006,Domestic/Public Use,5075.0
Ukraine,2007,Domestic/Public Use,4853.0
Ukraine,2008,Domestic/Public Use,4685.0
Ukraine,2009,Domestic/Public Use,4283.0
Ukraine,2010,Domestic/Public Use,4161.0
Ukraine,2011,Domestic/Public Use,4031.0
Ukraine,2012,Domestic/Public Use,4022.0
United Kingdom,1970,Domestic/Public Use,5111.0
United Kingdom,1975,Domestic/Public Use,6535.0
United Kingdom,1980,Domestic/Public Use,6873.0
United Kingdom,1985,Domestic/Public Use,7100.0
United Kingdom,1989,Domestic/Public Use,7277.0
United Kingdom,1990,Domestic/Public Use,7348.0
United Kingdom,1991,Domestic/Public Use,7342.7
United Kingdom,1992,Domestic/Public Use,7165.0
United Kingdom,1993,Domestic/Public Use,7190.1
United Kingdom,1994,Domestic/Public Use,7321.9
United Kingdom,1995,Domestic/Public Use,7315.3
United Kingdom,1996,Domestic/Public Use,7065.2
United Kingdom,1997,Domestic/Public Use,6836.2
United Kingdom,1998,Domestic/Public Use,6597.3
United Kingdom,1999,Domestic/Public Use,5243.1
United Kingdom,2000,Domestic/Public Use,4427.4
United Kingdom,2001,Domestic/Public Use,4838.8
United Kingdom,2002,Domestic/Public Use,4968.4
United Kingdom,2003,Domestic/Public Use,4917.2
United Kingdom,2004,Domestic/Public Use,5018.4
United Kingdom,2005,Domestic/Public Use,4947.6
United Kingdom,2006,Domestic/Public Use,4969.7
United Kingdom,2007,Domestic/Public Use,4882.4
United Kingdom,2011,Agriculture,120.0
United Kingdom,2011,Domestic/Public Use,6860.0
United Kingdom,2011,Energy Production,26.0
United Kingdom,2011,Industry,1472.0
United Kingdom,2011,Services,601.0
